{"cameraMode":{"drawMode":0,"name":"Shaded","section":"Shading Mode"},"sceneLighting":true,"audioPlay":false,"sceneViewState":{"m_AlwaysRefresh":false,"showFog":true,"showSkybox":true,"showFlares":true,"showImageEffects":true,"showParticleSystems":true,"showVisualEffectGraphs":true,"m_FxEnabled":true},"in2DMode":false,"pivot":{"x":7.874298095703125,"y":3.4635987281799318,"z":-0.04590582847595215},"rotation":{"x":-0.06617135554552078,"y":0.9200005531311035,"z":-0.1774117648601532,"w":-0.3431435227394104},"size":63.103275299072269,"orthographic":false}