{"cameraMode":{"drawMode":0,"name":"Shaded","section":"Shading Mode"},"sceneLighting":true,"audioPlay":false,"sceneViewState":{"m_AlwaysRefresh":false,"showFog":true,"showSkybox":true,"showFlares":true,"showImageEffects":true,"showParticleSystems":true,"showVisualEffectGraphs":true,"m_FxEnabled":true},"in2DMode":false,"pivot":{"x":16.121437072753908,"y":4.214863300323486,"z":0.653301477432251},"rotation":{"x":0.001698342151939869,"y":-0.997696578502655,"z":0.027168547734618188,"w":0.06291338801383972},"size":3.5631446838378908,"orthographic":false}