{"cameraMode":{"drawMode":0,"name":"Shaded","section":"Shading Mode"},"sceneLighting":true,"audioPlay":false,"sceneViewState":{"m_AlwaysRefresh":false,"showFog":true,"showSkybox":true,"showFlares":true,"showImageEffects":true,"showParticleSystems":true,"showVisualEffectGraphs":true,"m_FxEnabled":true},"in2DMode":false,"pivot":{"x":12.014031410217286,"y":3.188149929046631,"z":8.52226448059082},"rotation":{"x":0.00041542801773175597,"y":0.9996354579925537,"z":0.02377169393002987,"w":-0.015877647325396539},"size":2.9660253524780275,"orthographic":false}