{"cameraMode":{"drawMode":0,"name":"Shaded","section":"Shading Mode"},"sceneLighting":true,"audioPlay":false,"sceneViewState":{"m_AlwaysRefresh":false,"showFog":true,"showSkybox":true,"showFlares":true,"showImageEffects":true,"showParticleSystems":true,"showVisualEffectGraphs":true,"m_FxEnabled":false},"in2DMode":false,"pivot":{"x":6.519645690917969,"y":-8.390119552612305,"z":-3.777674674987793},"rotation":{"x":-0.0029382978100329639,"y":0.9931790232658386,"z":-0.11400233209133148,"w":-0.025028854608535768},"size":5.5044684410095219,"orthographic":true}