{"cameraMode":{"drawMode":0,"name":"Shaded","section":"Shading Mode"},"sceneLighting":true,"audioPlay":false,"sceneViewState":{"m_AlwaysRefresh":false,"showFog":true,"showSkybox":true,"showFlares":true,"showImageEffects":true,"showParticleSystems":true,"showVisualEffectGraphs":true,"m_FxEnabled":false},"in2DMode":false,"pivot":{"x":13.635065078735352,"y":9.448755264282227,"z":32.15809631347656},"rotation":{"x":-0.0025368642527610065,"y":-0.994700014591217,"z":0.025659022852778436,"w":-0.09969305992126465},"size":0.8660253882408142,"orthographic":true}