{"cameraMode":{"drawMode":0,"name":"Shaded","section":"Shading Mode"},"sceneLighting":true,"audioPlay":false,"sceneViewState":{"m_AlwaysRefresh":false,"showFog":true,"showSkybox":true,"showFlares":true,"showImageEffects":true,"showParticleSystems":true,"showVisualEffectGraphs":true,"m_FxEnabled":true},"in2DMode":false,"pivot":{"x":7.865469932556152,"y":3.4152066707611086,"z":-0.007468283176422119},"rotation":{"x":-0.02767752856016159,"y":0.9648629426956177,"z":-0.11363907903432846,"w":-0.2354937344789505},"size":3.1664164066314699,"orthographic":false}