{"cameraMode":{"drawMode":0,"name":"Shaded","section":"Shading Mode"},"sceneLighting":false,"audioPlay":false,"sceneViewState":{"m_AlwaysRefresh":false,"showFog":true,"showSkybox":false,"showFlares":true,"showImageEffects":true,"showParticleSystems":true,"showVisualEffectGraphs":true,"m_FxEnabled":false},"in2DMode":false,"pivot":{"x":7.865470886230469,"y":6.065206527709961,"z":-0.007468283176422119},"rotation":{"x":-0.0025368642527610065,"y":-0.994700014591217,"z":0.025659022852778436,"w":-0.09969305992126465},"size":10.79955768585205,"orthographic":true}