{"cameraMode":{"drawMode":0,"name":"Shaded","section":"Shading Mode"},"sceneLighting":false,"audioPlay":false,"sceneViewState":{"m_AlwaysRefresh":false,"showFog":true,"showSkybox":false,"showFlares":true,"showImageEffects":true,"showParticleSystems":true,"showVisualEffectGraphs":true,"m_FxEnabled":false},"in2DMode":false,"pivot":{"x":-2.0045294761657717,"y":20.475208282470704,"z":35.678001403808597},"rotation":{"x":-0.0025368642527610065,"y":-0.994700014591217,"z":0.025659022852778436,"w":-0.09969305992126465},"size":3.1664159297943117,"orthographic":true}