{"cameraMode":{"drawMode":0,"name":"Shaded","section":"Shading Mode"},"sceneLighting":false,"audioPlay":false,"sceneViewState":{"m_AlwaysRefresh":false,"showFog":true,"showSkybox":false,"showFlares":true,"showImageEffects":true,"showParticleSystems":true,"showVisualEffectGraphs":true,"m_FxEnabled":false},"in2DMode":false,"pivot":{"x":-0.08491135388612747,"y":1.0036747455596924,"z":0.03215968608856201},"rotation":{"x":0.0016227989690378309,"y":-0.9984065890312195,"z":-0.037170153111219409,"w":-0.04284929856657982},"size":0.5014402866363525,"orthographic":true}