{"cameraMode":{"drawMode":0,"name":"Shaded","section":"Shading Mode"},"sceneLighting":false,"audioPlay":false,"sceneViewState":{"m_AlwaysRefresh":false,"showFog":true,"showSkybox":false,"showFlares":true,"showImageEffects":true,"showParticleSystems":true,"showVisualEffectGraphs":true,"m_FxEnabled":false},"in2DMode":false,"pivot":{"x":-2.0080995559692385,"y":23.103012084960939,"z":36.045082092285159},"rotation":{"x":-0.0025368642527610065,"y":-0.994700014591217,"z":0.025659022852778436,"w":-0.09969305992126465},"size":4.914528846740723,"orthographic":true}