{"cameraMode":{"drawMode":0,"name":"Shaded","section":"Shading Mode"},"sceneLighting":false,"audioPlay":false,"sceneViewState":{"m_AlwaysRefresh":false,"showFog":true,"showSkybox":false,"showFlares":true,"showImageEffects":true,"showParticleSystems":true,"showVisualEffectGraphs":true,"m_FxEnabled":false},"in2DMode":false,"pivot":{"x":-2.056938886642456,"y":21.202430725097658,"z":36.11677551269531},"rotation":{"x":0.00034166136174462736,"y":-0.9956323504447937,"z":0.0032689806539565326,"w":0.09347450733184815},"size":4.533069610595703,"orthographic":true}