{"cameraMode":{"drawMode":0,"name":"Shaded","section":"Shading Mode"},"sceneLighting":false,"audioPlay":false,"sceneViewState":{"m_AlwaysRefresh":false,"showFog":true,"showSkybox":false,"showFlares":true,"showImageEffects":true,"showParticleSystems":true,"showVisualEffectGraphs":true,"m_FxEnabled":false},"in2DMode":false,"pivot":{"x":-0.048273563385009769,"y":-0.3703082799911499,"z":0.07677644491195679},"rotation":{"x":0.00034166136174462736,"y":-0.9956323504447937,"z":0.0032689806539565326,"w":0.09347450733184815},"size":1.6501516103744507,"orthographic":true}