{"cameraMode":{"drawMode":0,"name":"Shaded","section":"Shading Mode"},"sceneLighting":false,"audioPlay":false,"sceneViewState":{"m_AlwaysRefresh":false,"showFog":true,"showSkybox":false,"showFlares":true,"showImageEffects":true,"showParticleSystems":true,"showVisualEffectGraphs":true,"m_FxEnabled":false},"in2DMode":false,"pivot":{"x":24.280529022216798,"y":33.19681930541992,"z":-28.708942413330079},"rotation":{"x":-0.27854132652282717,"y":0.010362000204622746,"z":-0.00296892412006855,"w":-0.9603808522224426},"size":27.297771453857423,"orthographic":true}