{"cameraMode":{"drawMode":0,"name":"Shaded","section":"Shading Mode"},"sceneLighting":false,"audioPlay":false,"sceneViewState":{"m_AlwaysRefresh":false,"showFog":true,"showSkybox":false,"showFlares":true,"showImageEffects":true,"showParticleSystems":true,"showVisualEffectGraphs":true,"m_FxEnabled":false},"in2DMode":false,"pivot":{"x":6.724613189697266,"y":13.848135948181153,"z":34.06188201904297},"rotation":{"x":0.00034166136174462736,"y":-0.9956323504447937,"z":0.0032689806539565326,"w":0.09347450733184815},"size":19.63028335571289,"orthographic":true}