{"cameraMode":{"drawMode":0,"name":"Shaded","section":"Shading Mode"},"sceneLighting":false,"audioPlay":false,"sceneViewState":{"m_AlwaysRefresh":false,"showFog":true,"showSkybox":false,"showFlares":true,"showImageEffects":true,"showParticleSystems":true,"showVisualEffectGraphs":true,"m_FxEnabled":false},"in2DMode":false,"pivot":{"x":-2.0177996158599855,"y":20.523597717285158,"z":35.63956069946289},"rotation":{"x":-0.0025368642527610065,"y":-0.994700014591217,"z":0.025659022852778436,"w":-0.09969305992126465},"size":4.054188251495361,"orthographic":true}