{"cameraMode":{"drawMode":0,"name":"Shaded","section":"Shading Mode"},"sceneLighting":false,"audioPlay":false,"sceneViewState":{"m_AlwaysRefresh":false,"showFog":true,"showSkybox":false,"showFlares":true,"showImageEffects":true,"showParticleSystems":true,"showVisualEffectGraphs":true,"m_FxEnabled":false},"in2DMode":false,"pivot":{"x":-0.06222476065158844,"y":1.4622834920883179,"z":-0.39533889293670657},"rotation":{"x":0.0016227989690378309,"y":-0.9984065890312195,"z":-0.037170153111219409,"w":-0.04284929856657982},"size":0.6941044330596924,"orthographic":true}