{"cameraMode":{"drawMode":0,"name":"Shaded","section":"Shading Mode"},"sceneLighting":false,"audioPlay":false,"sceneViewState":{"m_AlwaysRefresh":false,"showFog":true,"showSkybox":false,"showFlares":true,"showImageEffects":true,"showParticleSystems":true,"showVisualEffectGraphs":true,"m_FxEnabled":false},"in2DMode":false,"pivot":{"x":1.7242980003356934,"y":3.4635987281799318,"z":22.254093170166017},"rotation":{"x":0.5679823756217957,"y":-0.029613910242915155,"z":0.020456206053495408,"w":0.8222533464431763},"size":5.253851890563965,"orthographic":false}