{"cameraMode":{"drawMode":0,"name":"Shaded","section":"Shading Mode"},"sceneLighting":false,"audioPlay":false,"sceneViewState":{"m_AlwaysRefresh":false,"showFog":true,"showSkybox":false,"showFlares":true,"showImageEffects":true,"showParticleSystems":true,"showVisualEffectGraphs":true,"m_FxEnabled":false},"in2DMode":false,"pivot":{"x":-0.06222476810216904,"y":1.0180000066757203,"z":-0.41105005145072939},"rotation":{"x":0.24014243483543397,"y":-0.0770951509475708,"z":0.019069954752922059,"w":0.9675024747848511},"size":0.8660253882408142,"orthographic":true}